"","chapter","location","country","continent","afinn_score","bing_score","nrc_score","journey_stage"
"1",1,"London","United Kingdom","Europe",0.609756097560976,0.241379310344828,0.27906976744186,"Departure (UK)"
"2",1,"Burlington Gardens","United Kingdom","Europe",0.609756097560976,0.241379310344828,0.27906976744186,"Departure (UK)"
"3",1,"Reform Club","United Kingdom","Europe",0.609756097560976,0.241379310344828,0.27906976744186,"Departure (UK)"
"4",1,"Paris","France","Europe",0.609756097560976,0.241379310344828,0.27906976744186,"Departure (UK)"
"5",2,"London","United Kingdom","Europe",0.666666666666667,0.3,0.360824742268041,"Departure (UK)"
"6",2,"Reform Club","United Kingdom","Europe",0.666666666666667,0.3,0.360824742268041,"Departure (UK)"
"7",2,"Paris","France","Europe",0.666666666666667,0.3,0.360824742268041,"Departure (UK)"
"8",3,"London","United Kingdom","Europe",0.136363636363636,0.108433734939759,0.26241134751773,"Departure (UK)"
"9",3,"Reform Club","United Kingdom","Europe",0.136363636363636,0.108433734939759,0.26241134751773,"Departure (UK)"
"10",3,"Pall Mall","United Kingdom","Europe",0.136363636363636,0.108433734939759,0.26241134751773,"Departure (UK)"
"11",3,"Dover","United Kingdom","Europe",0.136363636363636,0.108433734939759,0.26241134751773,"Departure (UK)"
"12",3,"Brindisi","Italy","Europe",0.136363636363636,0.108433734939759,0.26241134751773,"Departure (UK)"
"13",3,"Mont Cenis","Italy","Europe",0.136363636363636,0.108433734939759,0.26241134751773,"Departure (UK)"
"14",3,"Suez","Egypt","Africa",0.136363636363636,0.108433734939759,0.26241134751773,"Departure (UK)"
"15",3,"Bombay","India","Asia",0.136363636363636,0.108433734939759,0.26241134751773,"Departure (UK)"
"16",3,"Calcutta","India","Asia",0.136363636363636,0.108433734939759,0.26241134751773,"Departure (UK)"
"17",3,"Allahabad","India","Asia",0.136363636363636,0.108433734939759,0.26241134751773,"Departure (UK)"
"18",3,"Hong Kong","Hong Kong","Asia",0.136363636363636,0.108433734939759,0.26241134751773,"Departure (UK)"
"19",3,"Yokohama","Japan","Asia",0.136363636363636,0.108433734939759,0.26241134751773,"Departure (UK)"
"20",3,"Japan","Japan","Asia",0.136363636363636,0.108433734939759,0.26241134751773,"Departure (UK)"
"21",3,"San Francisco","United States","North America",0.136363636363636,0.108433734939759,0.26241134751773,"Departure (UK)"
"22",3,"New York","United States","North America",0.136363636363636,0.108433734939759,0.26241134751773,"Departure (UK)"
"23",3,"America","United States","North America",0.136363636363636,0.108433734939759,0.26241134751773,"Departure (UK)"
"24",3,"Liverpool","United Kingdom","Europe",0.136363636363636,0.108433734939759,0.26241134751773,"Departure (UK)"
"25",3,"Glasgow","United Kingdom","Europe",0.136363636363636,0.108433734939759,0.26241134751773,"Departure (UK)"
"26",3,"Havre","United Kingdom","Europe",0.136363636363636,0.108433734939759,0.26241134751773,"Departure (UK)"
"27",3,"Rothal","India","Asia",0.136363636363636,0.108433734939759,0.26241134751773,"Departure (UK)"
"28",3,"Great Indian Peninsula Railway","India","Asia",0.136363636363636,0.108433734939759,0.26241134751773,"Departure (UK)"
"29",4,"London","United Kingdom","Europe",0,-0.0357142857142857,0,"Departure (UK)"
"30",4,"Reform Club","United Kingdom","Europe",0,-0.0357142857142857,0,"Departure (UK)"
"31",4,"Charing Cross","United Kingdom","Europe",0,-0.0357142857142857,0,"Departure (UK)"
"32",4,"Dover","United Kingdom","Europe",0,-0.0357142857142857,0,"Departure (UK)"
"33",4,"Calais","United Kingdom","Europe",0,-0.0357142857142857,0,"Departure (UK)"
"34",4,"Paris","France","Europe",0,-0.0357142857142857,0,"Departure (UK)"
"35",5,"London","United Kingdom","Europe",-0.585365853658537,0.04,0.0810810810810811,"Departure (UK)"
"36",5,"Reform Club","United Kingdom","Europe",-0.585365853658537,0.04,0.0810810810810811,"Departure (UK)"
"37",5,"Bombay","India","Asia",-0.585365853658537,0.04,0.0810810810810811,"Departure (UK)"
"38",5,"India","India","Asia",-0.585365853658537,0.04,0.0810810810810811,"Departure (UK)"
"39",5,"United States","United States","North America",-0.585365853658537,0.04,0.0810810810810811,"Departure (UK)"
"40",6,"London","United Kingdom","Europe",0.113207547169811,0.0666666666666667,0.152941176470588,"Europe"
"41",6,"Brindisi","Italy","Europe",0.113207547169811,0.0666666666666667,0.152941176470588,"Europe"
"42",6,"Suez","Egypt","Africa",0.113207547169811,0.0666666666666667,0.152941176470588,"Europe"
"43",6,"Red Sea","Egypt","Africa",0.113207547169811,0.0666666666666667,0.152941176470588,"Europe"
"44",6,"Aden","Egypt","Africa",0.113207547169811,0.0666666666666667,0.152941176470588,"Europe"
"45",6,"Bombay","India","Asia",0.113207547169811,0.0666666666666667,0.152941176470588,"Europe"
"46",6,"India","India","Asia",0.113207547169811,0.0666666666666667,0.152941176470588,"Europe"
"47",6,"Port Said","Egypt","Africa",0.113207547169811,0.0666666666666667,0.152941176470588,"Europe"
"48",7,"London","United Kingdom","Europe",-0.12,-0.0434782608695652,0.137254901960784,"Europe"
"49",7,"Paris","France","Europe",-0.12,-0.0434782608695652,0.137254901960784,"Europe"
"50",7,"Brindisi","Italy","Europe",-0.12,-0.0434782608695652,0.137254901960784,"Europe"
"51",7,"Turin","Italy","Europe",-0.12,-0.0434782608695652,0.137254901960784,"Europe"
"52",7,"Mont Cenis","Italy","Europe",-0.12,-0.0434782608695652,0.137254901960784,"Europe"
"53",7,"Suez","Egypt","Africa",-0.12,-0.0434782608695652,0.137254901960784,"Europe"
"54",7,"Bombay","India","Asia",-0.12,-0.0434782608695652,0.137254901960784,"Europe"
"55",7,"Calcutta","India","Asia",-0.12,-0.0434782608695652,0.137254901960784,"Europe"
"56",7,"Singapore","Singapore","Asia",-0.12,-0.0434782608695652,0.137254901960784,"Europe"
"57",7,"Hong Kong","Hong Kong","Asia",-0.12,-0.0434782608695652,0.137254901960784,"Europe"
"58",7,"Yokohama","Japan","Asia",-0.12,-0.0434782608695652,0.137254901960784,"Europe"
"59",7,"San Francisco","United States","North America",-0.12,-0.0434782608695652,0.137254901960784,"Europe"
"60",7,"New York","United States","North America",-0.12,-0.0434782608695652,0.137254901960784,"Europe"
"61",8,"London","United Kingdom","Europe",-0.297297297297297,-0.181818181818182,0.292307692307692,"Europe"
"62",8,"Paris","France","Europe",-0.297297297297297,-0.181818181818182,0.292307692307692,"Europe"
"63",8,"Suez","Egypt","Africa",-0.297297297297297,-0.181818181818182,0.292307692307692,"Europe"
"64",8,"Egypt","Egypt","Africa",-0.297297297297297,-0.181818181818182,0.292307692307692,"Europe"
"65",8,"Red Sea","Egypt","Africa",-0.297297297297297,-0.181818181818182,0.292307692307692,"Europe"
"66",8,"Bombay","India","Asia",-0.297297297297297,-0.181818181818182,0.292307692307692,"Europe"
"67",8,"India","India","Asia",-0.297297297297297,-0.181818181818182,0.292307692307692,"Europe"
"68",9,"London","United Kingdom","Europe",0.763636363636364,0.28125,0.290909090909091,"Europe"
"69",9,"Reform Club","United Kingdom","Europe",0.763636363636364,0.28125,0.290909090909091,"Europe"
"70",9,"Brindisi","Italy","Europe",0.763636363636364,0.28125,0.290909090909091,"Europe"
"71",9,"Suez","Egypt","Africa",0.763636363636364,0.28125,0.290909090909091,"Europe"
"72",9,"Red Sea","Egypt","Africa",0.763636363636364,0.28125,0.290909090909091,"Europe"
"73",9,"Aden","Egypt","Africa",0.763636363636364,0.28125,0.290909090909091,"Europe"
"74",9,"Bombay","India","Asia",0.763636363636364,0.28125,0.290909090909091,"Europe"
"75",9,"Calcutta","India","Asia",0.763636363636364,0.28125,0.290909090909091,"Europe"
"76",9,"India","India","Asia",0.763636363636364,0.28125,0.290909090909091,"Europe"
"77",9,"Benares","India","Asia",0.763636363636364,0.28125,0.290909090909091,"Europe"
"78",9,"Goa","India","Asia",0.763636363636364,0.28125,0.290909090909091,"Europe"
"79",9,"Mocha","Yemen","Asia",0.763636363636364,0.28125,0.290909090909091,"Europe"
"80",9,"Steamer Point","Yemen","Asia",0.763636363636364,0.28125,0.290909090909091,"Europe"
"81",9,"Bab-el-Mandeb","Yemen","Asia",0.763636363636364,0.28125,0.290909090909091,"Europe"
"82",10,"London","United Kingdom","Europe",0.206896551724138,-0.0985915492957746,0.233644859813084,"Europe"
"83",10,"Paris","France","Europe",0.206896551724138,-0.0985915492957746,0.233644859813084,"Europe"
"84",10,"Suez","Egypt","Africa",0.206896551724138,-0.0985915492957746,0.233644859813084,"Europe"
"85",10,"Bombay","India","Asia",0.206896551724138,-0.0985915492957746,0.233644859813084,"Europe"
"86",10,"Calcutta","India","Asia",0.206896551724138,-0.0985915492957746,0.233644859813084,"Europe"
"87",10,"India","India","Asia",0.206896551724138,-0.0985915492957746,0.233644859813084,"Europe"
"88",10,"Allahabad","India","Asia",0.206896551724138,-0.0985915492957746,0.233644859813084,"Europe"
"89",10,"Benares","India","Asia",0.206896551724138,-0.0985915492957746,0.233644859813084,"Europe"
"90",10,"Great Indian Peninsula Railway","India","Asia",0.206896551724138,-0.0985915492957746,0.233644859813084,"Europe"
"91",11,"London","United Kingdom","Europe",-0.435185185185185,-0.147540983606557,0.174603174603175,"Suez/Egypt"
"92",11,"Bombay","India","Asia",-0.435185185185185,-0.147540983606557,0.174603174603175,"Suez/Egypt"
"93",11,"Calcutta","India","Asia",-0.435185185185185,-0.147540983606557,0.174603174603175,"Suez/Egypt"
"94",11,"India","India","Asia",-0.435185185185185,-0.147540983606557,0.174603174603175,"Suez/Egypt"
"95",11,"Allahabad","India","Asia",-0.435185185185185,-0.147540983606557,0.174603174603175,"Suez/Egypt"
"96",11,"Benares","India","Asia",-0.435185185185185,-0.147540983606557,0.174603174603175,"Suez/Egypt"
"97",11,"Hong Kong","Hong Kong","Asia",-0.435185185185185,-0.147540983606557,0.174603174603175,"Suez/Egypt"
"98",11,"Rothal","India","Asia",-0.435185185185185,-0.147540983606557,0.174603174603175,"Suez/Egypt"
"99",12,"Bombay","India","Asia",-0.408163265306122,-0.276923076923077,0.0967741935483871,"Suez/Egypt"
"100",12,"India","India","Asia",-0.408163265306122,-0.276923076923077,0.0967741935483871,"Suez/Egypt"
"101",12,"Allahabad","India","Asia",-0.408163265306122,-0.276923076923077,0.0967741935483871,"Suez/Egypt"
"102",13,"Bombay","India","Asia",-0.688073394495413,-0.314814814814815,0.0173410404624277,"Suez/Egypt"
"103",13,"Allahabad","India","Asia",-0.688073394495413,-0.314814814814815,0.0173410404624277,"Suez/Egypt"
"104",14,"London","United Kingdom","Europe",0.734042553191489,0.395833333333333,0.409395973154362,"Suez/Egypt"
"105",14,"Bombay","India","Asia",0.734042553191489,0.395833333333333,0.409395973154362,"Suez/Egypt"
"106",14,"Calcutta","India","Asia",0.734042553191489,0.395833333333333,0.409395973154362,"Suez/Egypt"
"107",14,"India","India","Asia",0.734042553191489,0.395833333333333,0.409395973154362,"Suez/Egypt"
"108",14,"Allahabad","India","Asia",0.734042553191489,0.395833333333333,0.409395973154362,"Suez/Egypt"
"109",14,"Benares","India","Asia",0.734042553191489,0.395833333333333,0.409395973154362,"Suez/Egypt"
"110",14,"Hong Kong","Hong Kong","Asia",0.734042553191489,0.395833333333333,0.409395973154362,"Suez/Egypt"
"111",14,"Birmingham","United Kingdom","Europe",0.734042553191489,0.395833333333333,0.409395973154362,"Suez/Egypt"
"112",14,"Manchester","France","Europe",0.734042553191489,0.395833333333333,0.409395973154362,"Suez/Egypt"
"113",14,"Athens","Greece","Europe",0.734042553191489,0.395833333333333,0.409395973154362,"Suez/Egypt"
"114",15,"London","United Kingdom","Europe",-1.03061224489796,-0.316455696202532,-0.164179104477612,"Suez/Egypt"
"115",15,"Suez","Egypt","Africa",-1.03061224489796,-0.316455696202532,-0.164179104477612,"Suez/Egypt"
"116",15,"Bombay","India","Asia",-1.03061224489796,-0.316455696202532,-0.164179104477612,"Suez/Egypt"
"117",15,"Calcutta","India","Asia",-1.03061224489796,-0.316455696202532,-0.164179104477612,"Suez/Egypt"
"118",15,"Hong Kong","Hong Kong","Asia",-1.03061224489796,-0.316455696202532,-0.164179104477612,"Suez/Egypt"
"119",16,"Bombay","India","Asia",-0.328125,0.0136986301369863,0.28695652173913,"India"
"120",16,"Calcutta","India","Asia",-0.328125,0.0136986301369863,0.28695652173913,"India"
"121",16,"India","India","Asia",-0.328125,0.0136986301369863,0.28695652173913,"India"
"122",16,"Singapore","Singapore","Asia",-0.328125,0.0136986301369863,0.28695652173913,"India"
"123",16,"Hong Kong","Hong Kong","Asia",-0.328125,0.0136986301369863,0.28695652173913,"India"
"124",16,"China","China","Asia",-0.328125,0.0136986301369863,0.28695652173913,"India"
"125",16,"Yokohama","Japan","Asia",-0.328125,0.0136986301369863,0.28695652173913,"India"
"126",16,"Japan","Japan","Asia",-0.328125,0.0136986301369863,0.28695652173913,"India"
"127",16,"America","United States","North America",-0.328125,0.0136986301369863,0.28695652173913,"India"
"128",17,"Reform Club","United Kingdom","Europe",0.0133333333333333,0.0408163265306122,0.239669421487603,"India"
"129",17,"Suez","Egypt","Africa",0.0133333333333333,0.0408163265306122,0.239669421487603,"India"
"130",17,"Bombay","India","Asia",0.0133333333333333,0.0408163265306122,0.239669421487603,"India"
"131",17,"Singapore","Singapore","Asia",0.0133333333333333,0.0408163265306122,0.239669421487603,"India"
"132",17,"Hong Kong","Hong Kong","Asia",0.0133333333333333,0.0408163265306122,0.239669421487603,"India"
"133",17,"China","China","Asia",0.0133333333333333,0.0408163265306122,0.239669421487603,"India"
"134",17,"Yokohama","Japan","Asia",0.0133333333333333,0.0408163265306122,0.239669421487603,"India"
"135",17,"America","United States","North America",0.0133333333333333,0.0408163265306122,0.239669421487603,"India"
"136",18,"London","United Kingdom","Europe",-0.0285714285714286,-0.216216216216216,0.11864406779661,"India"
"137",18,"Hong Kong","Hong Kong","Asia",-0.0285714285714286,-0.216216216216216,0.11864406779661,"India"
"138",18,"China","China","Asia",-0.0285714285714286,-0.216216216216216,0.11864406779661,"India"
"139",18,"Yokohama","Japan","Asia",-0.0285714285714286,-0.216216216216216,0.11864406779661,"India"
"140",18,"Japan","Japan","Asia",-0.0285714285714286,-0.216216216216216,0.11864406779661,"India"
"141",18,"San Francisco","United States","North America",-0.0285714285714286,-0.216216216216216,0.11864406779661,"India"
"142",19,"London","United Kingdom","Europe",-0.403846153846154,-0.0666666666666667,0.0714285714285714,"India"
"143",19,"Reform Club","United Kingdom","Europe",-0.403846153846154,-0.0666666666666667,0.0714285714285714,"India"
"144",19,"Bombay","India","Asia",-0.403846153846154,-0.0666666666666667,0.0714285714285714,"India"
"145",19,"Calcutta","India","Asia",-0.403846153846154,-0.0666666666666667,0.0714285714285714,"India"
"146",19,"Singapore","Singapore","Asia",-0.403846153846154,-0.0666666666666667,0.0714285714285714,"India"
"147",19,"Hong Kong","Hong Kong","Asia",-0.403846153846154,-0.0666666666666667,0.0714285714285714,"India"
"148",19,"America","United States","North America",-0.403846153846154,-0.0666666666666667,0.0714285714285714,"India"
"149",20,"London","United Kingdom","Europe",0.2375,0.113924050632911,0.186206896551724,"India"
"150",20,"Hong Kong","Hong Kong","Asia",0.2375,0.113924050632911,0.186206896551724,"India"
"151",20,"Yokohama","Japan","Asia",0.2375,0.113924050632911,0.186206896551724,"India"
"152",20,"Japan","Japan","Asia",0.2375,0.113924050632911,0.186206896551724,"India"
"153",20,"San Francisco","United States","North America",0.2375,0.113924050632911,0.186206896551724,"India"
"154",21,"London","United Kingdom","Europe",-0.169491525423729,-0.171428571428571,0.107569721115538,"India"
"155",21,"Hong Kong","Hong Kong","Asia",-0.169491525423729,-0.171428571428571,0.107569721115538,"India"
"156",21,"Yokohama","Japan","Asia",-0.169491525423729,-0.171428571428571,0.107569721115538,"India"
"157",21,"San Francisco","United States","North America",-0.169491525423729,-0.171428571428571,0.107569721115538,"India"
"158",21,"America","United States","North America",-0.169491525423729,-0.171428571428571,0.107569721115538,"India"
"159",21,"United States","United States","North America",-0.169491525423729,-0.171428571428571,0.107569721115538,"India"
"160",22,"London","United Kingdom","Europe",-0.264705882352941,-0.106382978723404,0.168,"India"
"161",22,"Calcutta","India","Asia",-0.264705882352941,-0.106382978723404,0.168,"India"
"162",22,"Hong Kong","Hong Kong","Asia",-0.264705882352941,-0.106382978723404,0.168,"India"
"163",22,"China","China","Asia",-0.264705882352941,-0.106382978723404,0.168,"India"
"164",22,"Yokohama","Japan","Asia",-0.264705882352941,-0.106382978723404,0.168,"India"
"165",22,"Japan","Japan","Asia",-0.264705882352941,-0.106382978723404,0.168,"India"
"166",22,"America","United States","North America",-0.264705882352941,-0.106382978723404,0.168,"India"
"167",23,"Paris","France","Europe",0.26984126984127,0.134328358208955,0.392592592592593,"India"
"168",23,"Japan","Japan","Asia",0.26984126984127,0.134328358208955,0.392592592592593,"India"
"169",23,"San Francisco","United States","North America",0.26984126984127,0.134328358208955,0.392592592592593,"India"
"170",23,"America","United States","North America",0.26984126984127,0.134328358208955,0.392592592592593,"India"
"171",23,"United States","United States","North America",0.26984126984127,0.134328358208955,0.392592592592593,"India"
"172",24,"London","United Kingdom","Europe",0.229885057471264,0.0117647058823529,0.217391304347826,"India"
"173",24,"Aden","Egypt","Africa",0.229885057471264,0.0117647058823529,0.217391304347826,"India"
"174",24,"Bombay","India","Asia",0.229885057471264,0.0117647058823529,0.217391304347826,"India"
"175",24,"Calcutta","India","Asia",0.229885057471264,0.0117647058823529,0.217391304347826,"India"
"176",24,"Singapore","Singapore","Asia",0.229885057471264,0.0117647058823529,0.217391304347826,"India"
"177",24,"Hong Kong","Hong Kong","Asia",0.229885057471264,0.0117647058823529,0.217391304347826,"India"
"178",24,"China","China","Asia",0.229885057471264,0.0117647058823529,0.217391304347826,"India"
"179",24,"Yokohama","Japan","Asia",0.229885057471264,0.0117647058823529,0.217391304347826,"India"
"180",24,"Japan","Japan","Asia",0.229885057471264,0.0117647058823529,0.217391304347826,"India"
"181",24,"San Francisco","United States","North America",0.229885057471264,0.0117647058823529,0.217391304347826,"India"
"182",24,"New York","United States","North America",0.229885057471264,0.0117647058823529,0.217391304347826,"India"
"183",24,"Liverpool","United Kingdom","Europe",0.229885057471264,0.0117647058823529,0.217391304347826,"India"
"184",25,"London","United Kingdom","Europe",0.529411764705882,-0.129411764705882,0.210884353741497,"India"
"185",25,"Paris","France","Europe",0.529411764705882,-0.129411764705882,0.210884353741497,"India"
"186",25,"San Francisco","United States","North America",0.529411764705882,-0.129411764705882,0.210884353741497,"India"
"187",25,"New York","United States","North America",0.529411764705882,-0.129411764705882,0.210884353741497,"India"
"188",25,"America","United States","North America",0.529411764705882,-0.129411764705882,0.210884353741497,"India"
"189",26,"San Francisco","United States","North America",0.1,-0.186440677966102,0.156626506024096,"Asia"
"190",26,"New York","United States","North America",0.1,-0.186440677966102,0.156626506024096,"Asia"
"191",26,"United States","United States","North America",0.1,-0.186440677966102,0.156626506024096,"Asia"
"192",26,"Liverpool","United Kingdom","Europe",0.1,-0.186440677966102,0.156626506024096,"Asia"
"193",27,"America","United States","North America",-0.0307692307692308,-0.102564102564103,0.248407643312102,"Asia"
"194",27,"United States","United States","North America",-0.0307692307692308,-0.102564102564103,0.248407643312102,"Asia"
"195",28,"Reform Club","United Kingdom","Europe",-0.316666666666667,-0.339130434782609,0.212121212121212,"Asia"
"196",28,"San Francisco","United States","North America",-0.316666666666667,-0.339130434782609,0.212121212121212,"Asia"
"197",28,"New York","United States","North America",-0.316666666666667,-0.339130434782609,0.212121212121212,"Asia"
"198",28,"America","United States","North America",-0.316666666666667,-0.339130434782609,0.212121212121212,"Asia"
"199",29,"San Francisco","United States","North America",-0.0618556701030928,-0.0526315789473684,0.171974522292994,"Asia"
"200",29,"New York","United States","North America",-0.0618556701030928,-0.0526315789473684,0.171974522292994,"Asia"
"201",29,"America","United States","North America",-0.0618556701030928,-0.0526315789473684,0.171974522292994,"Asia"
"202",30,"San Francisco","United States","North America",-0.827272727272727,-0.491803278688525,-0.0177514792899408,"Asia"
"203",30,"New York","United States","North America",-0.827272727272727,-0.491803278688525,-0.0177514792899408,"Asia"
"204",31,"China","China","Asia",0.0142857142857143,-0.0909090909090909,0.0625,"Asia"
"205",31,"New York","United States","North America",0.0142857142857143,-0.0909090909090909,0.0625,"Asia"
"206",31,"Liverpool","United Kingdom","Europe",0.0142857142857143,-0.0909090909090909,0.0625,"Asia"
"207",32,"London","United Kingdom","Europe",-0.366666666666667,0.0232558139534884,0.306666666666667,"Asia"
"208",32,"Hong Kong","Hong Kong","Asia",-0.366666666666667,0.0232558139534884,0.306666666666667,"Asia"
"209",32,"China","China","Asia",-0.366666666666667,0.0232558139534884,0.306666666666667,"Asia"
"210",32,"New York","United States","North America",-0.366666666666667,0.0232558139534884,0.306666666666667,"Asia"
"211",32,"Liverpool","United Kingdom","Europe",-0.366666666666667,0.0232558139534884,0.306666666666667,"Asia"
"212",32,"Havre","United Kingdom","Europe",-0.366666666666667,0.0232558139534884,0.306666666666667,"Asia"
"213",33,"London","United Kingdom","Europe",-0.358490566037736,-0.0884353741496599,0.229166666666667,"Asia"
"214",33,"New York","United States","North America",-0.358490566037736,-0.0884353741496599,0.229166666666667,"Asia"
"215",33,"Liverpool","United Kingdom","Europe",-0.358490566037736,-0.0884353741496599,0.229166666666667,"Asia"
"216",34,"London","United Kingdom","Europe",-0.580645161290323,-0.21875,0.010752688172043,"Asia"
"217",34,"Reform Club","United Kingdom","Europe",-0.580645161290323,-0.21875,0.010752688172043,"Asia"
"218",34,"Liverpool","United Kingdom","Europe",-0.580645161290323,-0.21875,0.010752688172043,"Asia"
"219",35,"Reform Club","United Kingdom","Europe",-0.36986301369863,-0.036144578313253,0.0655737704918033,"Asia"
"220",35,"India","India","Asia",-0.36986301369863,-0.036144578313253,0.0655737704918033,"Asia"
"221",35,"Liverpool","United Kingdom","Europe",-0.36986301369863,-0.036144578313253,0.0655737704918033,"Asia"
"222",36,"London","United Kingdom","Europe",-0.525,-0.24,-0.0277777777777778,"Pacific/America"
"223",36,"Reform Club","United Kingdom","Europe",-0.525,-0.24,-0.0277777777777778,"Pacific/America"
"224",36,"Pall Mall","United Kingdom","Europe",-0.525,-0.24,-0.0277777777777778,"Pacific/America"
"225",36,"China","China","Asia",-0.525,-0.24,-0.0277777777777778,"Pacific/America"
"226",36,"New York","United States","North America",-0.525,-0.24,-0.0277777777777778,"Pacific/America"
"227",36,"America","United States","North America",-0.525,-0.24,-0.0277777777777778,"Pacific/America"
"228",36,"Liverpool","United Kingdom","Europe",-0.525,-0.24,-0.0277777777777778,"Pacific/America"
"229",37,"London","United Kingdom","Europe",0.666666666666667,0.153846153846154,0.361111111111111,"Pacific/America"
"230",37,"Reform Club","United Kingdom","Europe",0.666666666666667,0.153846153846154,0.361111111111111,"Pacific/America"
"231",37,"India","India","Asia",0.666666666666667,0.153846153846154,0.361111111111111,"Pacific/America"
