"","location","country","continent","latitude","longitude","region_type","chapter_count","avg_afinn_score","avg_bing_score","avg_nrc_score","avg_sentiwordnet_score","avg_senticnet_score","sd_afinn_score","sd_bing_score","sd_nrc_score","sd_sentiwordnet_score","sd_senticnet_score","composite_sentiment","sentiment_variability","sentiment_category"
"1","Aden","Egypt","Africa",12.8275,45.0339,"City",3,0.36890965609248,0.119893790849673,0.220413857242502,0.137860978030139,0.0461949882691587,0.346785655108256,0.142409360640421,0.069033602130617,0.130135642168039,0.0399486306112498,0.17865465409679,0.145662578131717,"Positive"
"2","Allahabad","India","Asia",25.4484,81.8463,"City",6,-0.0756865172845761,-0.0556005593945219,0.199028431516528,-0.0236644795896442,-0.00963890322378572,0.528257019584971,0.267273928027566,0.136772090829486,0.177678276341898,0.0708528740917492,0.00688759440479996,0.236166837775134,"Neutral"
"3","America","United States","North America",39.8283,-98.5795,"Country",12,-0.0959591770764743,-0.0759115873335243,0.195353177464266,-0.0441718333518134,-0.00614722950589738,0.303254460035277,0.138268727536172,0.109227815388021,0.0901588832249059,0.047022381568166,-0.00536732996068867,0.137586453550508,"Neutral"
"4","Athens","Greece","Europe",37.9755,23.7348,"City",1,0.734042553191489,0.395833333333333,0.409395973154362,0.253191489361702,0.0953191489361702,NA,NA,NA,NA,NA,0.377556499595411,NA,"Very Positive"
"5","Bab-el-Mandeb","Yemen","Asia",12.8275,45.0339,"Strait",1,0.763636363636364,0.28125,0.290909090909091,0.285454545454545,0.0916363636363636,NA,NA,NA,NA,NA,0.342577272727273,NA,"Very Positive"
"6","Benares","India","Asia",25.3176,82.9739,"City",4,0.317347570841701,0.10773770010775,0.277138274619928,0.113995799891801,0.04141959334109,0.563120286560263,0.271320583821599,0.100144658818966,0.195783052547542,0.07172161409874,0.171527787760454,0.240418039169422,"Positive"
"7","Birmingham","United Kingdom","Europe",52.4862,-1.8904,"City",1,0.734042553191489,0.395833333333333,0.409395973154362,0.253191489361702,0.0953191489361702,NA,NA,NA,NA,NA,0.377556499595411,NA,"Very Positive"
"8","Bombay","India","Asia",19.076,72.8777,"City",16,-0.131206459487289,-0.0304891145442162,0.17499570289712,-0.0429613534303726,-0.0159457377696232,0.488640664530483,0.197910218920043,0.136432694447586,0.170157099943269,0.0627654379011123,-0.00912139246687625,0.211181223148499,"Neutral"
"9","Brindisi","Italy","Europe",40.6363,17.9441,"City",4,0.223301886792453,0.103218035184215,0.210879129214548,0.0880420240137221,0.0255933676386507,0.378372195660133,0.13488067545861,0.0771096567643595,0.137312775332214,0.0469014724260121,0.130206888568718,0.154915355128266,"Positive"
"10","Burlington Gardens","United Kingdom","Europe",51.5074,-0.1278,"Street",1,0.609756097560976,0.241379310344828,0.27906976744186,0.234146341463415,0.0702439024390244,NA,NA,NA,NA,NA,0.286919083850021,NA,"Positive"
"11","Calais","United Kingdom","Europe",50.9513,1.8587,"Port",1,0,-0.0357142857142857,0,-0.0382352941176471,0.0117647058823529,NA,NA,NA,NA,NA,-0.012436974789916,NA,"Neutral"
"12","Calcutta","India","Asia",22.5726,88.3639,"City",11,-0.0465136639904861,0.00289675172072107,0.189801512817831,-0.0125818970249003,-0.00525643906714833,0.530959817691104,0.199264198469508,0.14785839892148,0.185370391293202,0.0675582000205562,0.0256692528912035,0.22620220127917,"Neutral"
"13","Charing Cross","United Kingdom","Europe",51.5074,-0.1278,"Station",1,0,-0.0357142857142857,0,-0.0382352941176471,0.0117647058823529,NA,NA,NA,NA,NA,-0.012436974789916,NA,"Neutral"
"14","China","China","Asia",35.8617,104.1954,"Country",8,-0.156945609062591,-0.0704966011681589,0.171506275532507,-0.0525378845503719,-0.0196487295349174,0.252075554484048,0.111294944746548,0.115109854363222,0.0877210092896387,0.0332425262477639,-0.0256245097567063,0.119888777826244,"Neutral"
"15","Dover","United Kingdom","Europe",51.1267,1.3139,"Port",2,0.0681818181818182,0.0363597246127367,0.131205673758865,0.010427807486631,0.0125490196078431,0.0964236519799837,0.101928042899094,0.185552843290087,0.06882001827591,0.00110918710774361,0.0517448087295789,0.0907667487105636,"Neutral"
"16","Egypt","Egypt","Africa",26.0975,31.2357,"Country",1,-0.297297297297297,-0.181818181818182,0.292307692307692,-0.105405405405405,-0.0324324324324324,NA,NA,NA,NA,NA,-0.0649291249291249,NA,"Neutral"
"17","Glasgow","United Kingdom","Europe",55.8642,-4.2518,"City",1,0.136363636363636,0.108433734939759,0.26241134751773,0.0590909090909091,0.0133333333333333,NA,NA,NA,NA,NA,0.115926592249074,NA,"Positive"
"18","Goa","India","Asia",15.2993,74.124,"City",1,0.763636363636364,0.28125,0.290909090909091,0.285454545454545,0.0916363636363636,NA,NA,NA,NA,NA,0.342577272727273,NA,"Very Positive"
"19","Great Indian Peninsula Railway","India","Asia",25.4484,81.8463,"Institution",2,0.171630094043887,0.0049210928219922,0.248028103665407,0.056269592476489,0.0252873563218391,0.0498743027482675,0.146388982360018,0.0203409785268749,0.0039899442198614,0.0169055414352646,0.101227247865923,0.0474999498580573,"Positive"
"20","Havre","United Kingdom","Europe",49.4944,0.1079,"City",2,-0.115151515151515,0.0658447744466237,0.284539007092199,-0.0237878787878788,-0.02,0.355696138415051,0.0602298855367639,0.0312932362737876,0.117208305851225,0.0471404520791032,0.0382888775198857,0.122313603631186,"Neutral"
"21","Hong Kong","Hong Kong","Asia",22.3193,114.1694,"City",14,-0.128291393327453,-0.0257459127360049,0.180144247420865,-0.0397445388080048,-0.0169921325698799,0.41204797749733,0.173288427494857,0.133921057216433,0.141476469854718,0.0528735774049761,-0.00612594600409549,0.182721501893663,"Neutral"
"22","India","India","Asia",20.5937,78.9629,"Country",11,0.00549546065842703,0.0191160376387542,0.222299876839046,-0.000169537592930503,0.00330410598426199,0.515090309341986,0.201048745867221,0.116421277883231,0.181810929162285,0.0651113860540855,0.0500091887055117,0.215896529661762,"Neutral"
"23","Japan","Japan","Asia",35.6762,139.6503,"Country",7,0.0360268075359715,0.00850718355162063,0.233171818649373,0.00979055206199512,0.0065329712344708,0.248370949777295,0.129529223144105,0.0903524835484807,0.0919131709387385,0.0304963737035129,0.0588058666066863,0.118132440222426,"Neutral"
"24","Liverpool","United Kingdom","Europe",53.4084,-2.9916,"City",9,-0.191125666619193,-0.079691718506945,0.142590130234339,-0.0544183651005356,-0.0285595574667077,0.309317284768499,0.118787406595576,0.119015886498656,0.105434671665042,0.0413418025716794,-0.0422410354918085,0.13877941041989,"Neutral"
"25","London","United Kingdom","Europe",51.5074,-0.1278,"City",25,-0.0108738024028425,-0.0129814703919122,0.178812358914814,-0.0023590455600116,-0.000708763401710022,0.48643544925643,0.185375836993862,0.135297170814186,0.164281744791446,0.0649027366268558,0.0303778554316676,0.207258587696556,"Neutral"
"26","Manchester","France","Europe",53.4808,-2.2426,"City",1,0.734042553191489,0.395833333333333,0.409395973154362,0.253191489361702,0.0953191489361702,NA,NA,NA,NA,NA,0.377556499595411,NA,"Very Positive"
"27","Mocha","Yemen","Asia",13.3167,43.75,"City",1,0.763636363636364,0.28125,0.290909090909091,0.285454545454545,0.0916363636363636,NA,NA,NA,NA,NA,0.342577272727273,NA,"Very Positive"
"28","Mont Cenis","Italy","Europe",45.0736,6.8883,"City",2,0.00818181818181818,0.0324777370350969,0.199833124739257,0.0135454545454545,-0.00293333333333333,0.181276465722369,0.107418002380356,0.0884989713625216,0.0644109995226291,0.0230045406146023,0.0502209602336587,0.0929217959204956,"Neutral"
"29","New York","United States","North America",40.7128,-74.006,"City",12,-0.130500510326699,-0.126565517186933,0.160122352022646,-0.0485345492302878,-0.0138601448378069,0.369154744374918,0.167044991985444,0.105493250417431,0.119028523967546,0.0539566708681422,-0.0318676739118163,0.162935636322696,"Neutral"
"30","Pall Mall","United Kingdom","Europe",51.5074,-0.1278,"Street",2,-0.194318181818182,-0.0657831325301205,0.117316784869976,-0.0567045454545455,-0.0283333333333333,0.467654712102921,0.24637985677006,0.205194698323047,0.163759502279339,0.058925565098879,-0.0455644816532409,0.228382866914849,"Neutral"
"31","Paris","France","Europe",48.8566,2.3522,"City",8,0.233159381650204,0.0233367032687616,0.238322363765694,0.064793288511485,0.0374562793672315,0.354566850146435,0.179141876963822,0.12602029722517,0.122933140055402,0.048374888543586,0.119413603312675,0.166207410586883,"Positive"
"32","Port Said","Egypt","Africa",31.2653,32.3019,"Port",1,0.113207547169811,0.0666666666666667,0.152941176470588,0.039622641509434,0.0166037735849057,NA,NA,NA,NA,NA,0.0778083610802812,NA,"Neutral"
"33","Red Sea","Egypt","Africa",20,40,"Sea",3,0.193182204502959,0.0553661616161616,0.245385986562457,0.0732239271861913,0.0252692349296123,0.534969174427079,0.231740827895942,0.0800626080399541,0.197584564417135,0.0624866722167822,0.118485502959476,0.221368769399379,"Positive"
"34","Reform Club","United Kingdom","Europe",51.5074,-0.1278,"Institution",13,0.00577199346671788,0.0176399661680414,0.169782694327105,0.00458345802214366,0.000308036650561806,0.517829341592832,0.201969517213762,0.140393353161465,0.181638510155718,0.0659486432799237,0.039617229726914,0.22155587308074,"Neutral"
"35","Rothal","India","Asia",25.4484,81.8463,"City",2,-0.149410774410774,-0.0195536243333992,0.218507261060453,-0.038510101010101,-0.0225925925925926,0.404146047496352,0.181001459296418,0.0620897545114834,0.138028672186162,0.0508069316852556,-0.00231196625728293,0.167214573035134,"Neutral"
"36","San Francisco","United States","North America",37.7749,-122.4194,"City",12,-0.00173802413796593,-0.105174161161738,0.179660495564389,-0.00907068018055372,0.00447893635129028,0.346846977061877,0.19054107829435,0.0981475343284168,0.11541967384428,0.0492833131291512,0.0136313132870842,0.160047715331615,"Neutral"
"37","Singapore","Singapore","Asia",1.3521,103.8198,"City",5,-0.121750552608311,-0.00877305299725608,0.190540144192783,-0.0417539787798408,-0.0137332139699381,0.256937085550884,0.0445589626276377,0.0858161878004811,0.093509200554223,0.0321482604267321,0.000905869167487371,0.102593939391992,"Neutral"
"38","Steamer Point","Yemen","Asia",12.8275,45.0339,"Port",1,0.763636363636364,0.28125,0.290909090909091,0.285454545454545,0.0916363636363636,NA,NA,NA,NA,NA,0.342577272727273,NA,"Very Positive"
"39","Suez","Egypt","Africa",29.9668,32.5498,"City",8,-0.0268090137459967,-0.0178971200061269,0.18061992324862,-0.0062627448323145,-0.00246614339916691,0.509444086850563,0.184862926342835,0.150788020602242,0.178490400691456,0.0645053838245981,0.025436980253003,0.217618163662339,"Neutral"
"40","Turin","Italy","Europe",45.0703,7.6869,"City",1,-0.12,-0.0434782608695652,0.137254901960784,-0.032,-0.0192,NA,NA,NA,NA,NA,-0.0154846717817562,NA,"Neutral"
"41","United States","United States","North America",37.0902,-95.7129,"Country",5,-0.0831570680020453,-0.0572209987499641,0.197255508825082,-0.0283414759325466,-0.00996421633577483,0.324255349415413,0.139588834588119,0.126455398465925,0.110482169485115,0.0431198613611592,0.00371434996095024,0.148780322663146,"Neutral"
"42","Yokohama","Japan","Asia",35.4437,139.638,"City",9,-0.0326457565755405,-0.0276520643461261,0.191567131390772,-0.00946281726299432,-0.00426033603713581,0.206189664946342,0.11682881284863,0.0642320550555072,0.0775464667465163,0.0244976269339822,0.023509231433795,0.0978589253061955,"Neutral"
